اسم الزبون,النوع,عليه (دينار),أقدم فاتورة مفتوحة,عمر الدين (يوم),تاريخ آخر دفعة,آخر دفعة (دينار),الهاتف
ذمم يزيد العمري,ورشة,2778.750,2024-04-13,902,,,
مشروع مادبا ايمن العجرمي,ورشة,696.650,2026-08-10,53,2026-09-26,200.000,
مشروع فيلا ايلا,ورشة,564.950,2023-03-24,1288,2023-03-23,3.000,
مشروع المدرسة,ورشة,481.350,2026-09-01,31,2026-09-21,500.000,
ورشة د.غالب صويص,ورشة,427.700,2026-09-26,6,,,
مشروع مسجد علاء الدين,ورشة,311.650,2026-08-25,38,2026-09-18,230.000,0790887313
ورشة مشروع المسارات,ورشة,304.000,2026-09-10,22,,,
ورشة طارق الماضي,ورشة,290.050,2026-09-04,28,2026-09-27,150.000,
ورشة ثروت المصري,ورشة,221.900,2026-05-15,140,,,
ورشة كافية دار نعمة,ورشة,92.450,2026-04-21,164,,,
ورشة دايوق ميادة,ورشة,62.000,2026-05-09,146,,,
ورشة الكابتن,ورشة,43.750,2026-06-16,108,,,
مهند خلف,بواقي,14.000,2025-05-24,496,,,
ورشة المكتبة الوطنية,ورشة,10.500,2026-07-09,85,,,
ورشة زياد ليبزو,ورشة,-0.650,,,2026-06-10,136.350,
ورشة ياجوز 101,ورشة,-40.000,,,2026-03-28,40.000,
